{
    "_comment": "DO NOT EDIT: FILE GENERATED AUTOMATICALLY BY PTERODACTYL PANEL - PTERODACTYL.IO",
    "meta": {
        "version": "PTDL_v1",
        "update_url": null
    },
    "exported_at": "2021-03-31T23:08:12+00:00",
    "name": "discord.py generic",
    "author": "parker@parkervcp.com",
    "description": "A Discord bot written in Python using discord.py\r\n\r\nhttps:\/\/github.com\/Ispira\/pixel-bot",
    "features": null,
    "images": [
        "quay.io\/parkervcp\/pterodactyl-images:debian_python-3.8",
        "quay.io\/parkervcp\/pterodactyl-images:debian_python-2.7"
    ],
    "file_denylist": [],
    "startup": "if [[ -d .git ]] && [[ {{AUTO_UPDATE}} == \"1\" ]]; then git pull; fi; if [[ ! -z {{PY_PACKAGES}} ]]; then pip install -U --target .local\/lib\/python3.8\/site-packages {{PY_PACKAGES}}; fi; if [[ -f \/home\/container\/${REQUIREMENTS_FILE} ]]; then pip install -U --target .local\/lib\/python3.8\/site-packages -r ${REQUIREMENTS_FILE}; fi; \/usr\/local\/bin\/python \/home\/container\/{{BOT_PY_FILE}}",
    "config": {
        "files": "{}",
        "startup": "{\r\n    \"done\": \"change this part\"\r\n}",
        "logs": "{}",
        "stop": "^C"
    },
    "scripts": {
        "installation": {
            "script": "#!\/bin\/bash\r\n# Python Bot Installation Script\r\n#\r\n# Server Files: \/mnt\/server\r\napt update\r\napt install -y git curl jq file unzip make gcc g++ python python-dev libtool\r\n\r\nmkdir -p \/mnt\/server\r\ncd \/mnt\/server\r\n\r\nif [ \"${USER_UPLOAD}\" == \"true\" ] || [ \"${USER_UPLOAD}\" == \"1\" ]; then\r\n    echo -e \"assuming user knows what they are doing have a good day.\"\r\n    exit 0\r\nfi\r\n\r\n## add git ending if it's not on the address\r\nif [[ ${GIT_ADDRESS} != *.git ]]; then\r\n    GIT_ADDRESS=${GIT_ADDRESS}.git\r\nfi\r\n\r\nif [ -z \"${USERNAME}\" ] && [ -z \"${ACCESS_TOKEN}\" ]; then\r\n    echo -e \"using anon api call\"\r\nelse\r\n    GIT_ADDRESS=\"https:\/\/${USERNAME}:${ACCESS_TOKEN}@$(echo -e ${GIT_ADDRESS} | cut -d\/ -f3-)\"\r\nfi\r\n\r\n## pull git js bot repo\r\nif [ \"$(ls -A \/mnt\/server)\" ]; then\r\n    echo -e \"\/mnt\/server directory is not empty.\"\r\n    if [ -d .git ]; then\r\n        echo -e \".git directory exists\"\r\n        if [ -f .git\/config ]; then\r\n            echo -e \"loading info from git config\"\r\n            ORIGIN=$(git config --get remote.origin.url)\r\n        else\r\n            echo -e \"files found with no git config\"\r\n            echo -e \"closing out without touching things to not break anything\"\r\n            exit 10\r\n        fi\r\n    fi\r\n\r\n    if [ \"${ORIGIN}\" == \"${GIT_ADDRESS}\" ]; then\r\n        echo \"pulling latest from github\"\r\n        git pull\r\n    fi\r\nelse\r\n    echo -e \"\/mnt\/server is empty.\\ncloning files into repo\"\r\n    if [ -z ${BRANCH} ]; then\r\n        echo -e \"cloning default branch\"\r\n        git clone ${GIT_ADDRESS} .\r\n    else\r\n        echo -e \"cloning ${BRANCH}'\"\r\n        git clone --single-branch --branch ${BRANCH} ${GIT_ADDRESS} .\r\n    fi\r\n\r\nfi\r\n\r\nexport HOME=\/mnt\/server\r\n\r\necho \"Installing python requirements into folder\"\r\nif [[ ! -z ${PY_PACKAGES} ]]; then\r\n    pip install -U --target .local\/lib\/python3.8\/site-packages ${PY_PACKAGES}\r\nfi\r\n\r\nif [ -f \/mnt\/server\/requirements.txt ]; then\r\n    pip install -U --target .local\/lib\/python3.8\/site-packages -r ${REQUIREMENTS_FILE}\r\nfi\r\n\r\necho -e \"install complete\"\r\nexit 0",
            "container": "python:3.8-slim",
            "entrypoint": "bash"
        }
    },
    "variables": [
        {
            "name": "Git Repo Address",
            "description": "Git repo to clone\r\n\r\nI.E. https:\/\/github.com\/parkervcp\/repo_name",
            "env_variable": "GIT_ADDRESS",
            "default_value": "",
            "user_viewable": true,
            "user_editable": true,
            "rules": "nullable|string"
        },
        {
            "name": "Git Branch",
            "description": "What branch to pull from github.\r\n\r\nDefault is blank to pull the repo default branch",
            "env_variable": "BRANCH",
            "default_value": "",
            "user_viewable": true,
            "user_editable": true,
            "rules": "nullable|string"
        },
        {
            "name": "User Uploaded Files",
            "description": "Skip all the install stuff if you are letting a user upload files.\r\n\r\n0 = false (default)\r\n1 = true",
            "env_variable": "USER_UPLOAD",
            "default_value": "0",
            "user_viewable": true,
            "user_editable": true,
            "rules": "required|boolean"
        },
        {
            "name": "Auto Update",
            "description": "Pull the latest files on startup when using a GitHub repo.",
            "env_variable": "AUTO_UPDATE",
            "default_value": "0",
            "user_viewable": true,
            "user_editable": true,
            "rules": "required|boolean"
        },
        {
            "name": "Bot py file",
            "description": "The file that starts the bot.",
            "env_variable": "BOT_PY_FILE",
            "default_value": "bot.py",
            "user_viewable": true,
            "user_editable": true,
            "rules": "required|string"
        },
        {
            "name": "Additional Python packages",
            "description": "Install additional python packages.\r\n\r\nUse spaces to separate",
            "env_variable": "PY_PACKAGES",
            "default_value": "",
            "user_viewable": true,
            "user_editable": true,
            "rules": "nullable|string"
        },
        {
            "name": "Git Username",
            "description": "Username to auth with git.",
            "env_variable": "USERNAME",
            "default_value": "",
            "user_viewable": true,
            "user_editable": true,
            "rules": "nullable|string"
        },
        {
            "name": "Git Access Token",
            "description": "Password to use with git.\r\n\r\nIt's best practice to use a Personal Access Token.\r\nhttps:\/\/github.com\/settings\/tokens\r\nhttps:\/\/gitlab.com\/-\/profile\/personal_access_tokens",
            "env_variable": "ACCESS_TOKEN",
            "default_value": "",
            "user_viewable": true,
            "user_editable": true,
            "rules": "nullable|string"
        },
        {
            "name": "Requirements file",
            "description": "if there are other requirements files to choose from.",
            "env_variable": "REQUIREMENTS_FILE",
            "default_value": "requirements.txt",
            "user_viewable": true,
            "user_editable": true,
            "rules": "required|string"
        }
    ]
}