{
    "_comment": "DO NOT EDIT: FILE GENERATED AUTOMATICALLY BY PTERODACTYL PANEL - PTERODACTYL.IO",
    "meta": {
        "version": "PTDL_v1",
        "update_url": null
    },
    "exported_at": "2021-04-24T15:48:02+03:00",
    "name": "Mordhau",
    "author": "trey@chazx.cc",
    "description": "Mordhau is a multiplayer medieval hack 'n slash video game, developed by Slovenian independent studio Triternion, with a prominent aspect of skill-based competitive play and customization.",
    "features": null,
    "images": [
        "quay.io\/parkervcp\/pterodactyl-images:game_mordhau"
    ],
    "file_denylist": [],
    "startup": ".\/Mordhau\/Binaries\/Linux\/MordhauServer-Linux-Shipping \/Game\/Mordhau\/Maps\/{{DEFAULT_MAP}} -MaxSlots={{MAX_PLAYERS}} -USEALLAVAILABLECORES -Port={{SERVER_PORT}} -queryport={{QUERY_PORT}} -beaconport={{BEACON_PORT}}",
    "config": {
        "files": "{\r\n    \"Mordhau\/Saved\/Config\/LinuxServer\/Game.ini\": {\r\n        \"parser\": \"file\",\r\n        \"find\": {\r\n            \"AdminPassword=\": \"AdminPassword={{server.build.env.ADMIN_PASSWORD}}\",\r\n            \"ServerName=\": \"ServerName={{server.build.env.SERVER_NAME}}\",\r\n            \"ServerPassword=\": \"ServerPassword={{server.build.env.GAME_PASSWORD}}\"\r\n        }\r\n    }\r\n}",
        "startup": "{\r\n    \"done\": \"Session GameSession successfully created\",\r\n    \"userInteraction\": []\r\n}",
        "logs": "{\r\n    \"custom\": false,\r\n    \"location\": \"logs\/latest.log\"\r\n}",
        "stop": "^C"
    },
    "scripts": {
        "installation": {
            "script": "#!\/bin\/bash\r\n# Mordhau Installation Script\r\n#\r\n# Server Files: \/mnt\/server\r\napt update\r\napt -y --no-install-recommends install curl lib32gcc1 ca-certificates\r\n\r\n## download and install steamcmd\r\ncd \/tmp\r\nmkdir -p \/mnt\/server\/steamcmd\r\ncurl -sSL -o steamcmd.tar.gz https:\/\/steamcdn-a.akamaihd.net\/client\/installer\/steamcmd_linux.tar.gz\r\ntar -xzvf steamcmd.tar.gz -C \/mnt\/server\/steamcmd\r\ncd \/mnt\/server\/steamcmd\r\n\r\n# SteamCMD fails otherwise for some reason, even running as root.\r\n# This is changed at the end of the install process anyways.\r\nchown -R root:root \/mnt\r\nexport HOME=\/mnt\/server\r\n\r\n.\/steamcmd.sh +login anonymous +force_install_dir \/mnt\/server +app_update ${SRCDS_APPID} +quit\r\n\r\n## set up 32 bit libraries\r\nmkdir -p \/mnt\/server\/.steam\/sdk32\r\ncp -v linux32\/steamclient.so ..\/.steam\/sdk32\/steamclient.so\r\n\r\nchmod +x \/mnt\/server\/Mordhau\/Binaries\/Linux\/MordhauServer-Linux-Shipping",
            "container": "debian:buster-slim",
            "entrypoint": "bash"
        }
    },
    "variables": [
        {
            "name": "Max Players",
            "description": "Max Players",
            "env_variable": "MAX_PLAYERS",
            "default_value": "48",
            "user_viewable": true,
            "user_editable": true,
            "rules": "required|string|max:20"
        },
        {
            "name": "Query Port",
            "description": "",
            "env_variable": "QUERY_PORT",
            "default_value": "27015",
            "user_viewable": true,
            "user_editable": false,
            "rules": "nullable|string|max:20"
        },
        {
            "name": "Admin Password",
            "description": "Password for managing server from in game",
            "env_variable": "ADMIN_PASSWORD",
            "default_value": "password123",
            "user_viewable": true,
            "user_editable": true,
            "rules": "nullable|string|max:20"
        },
        {
            "name": "Server Name",
            "description": "Name to show in the server Browser",
            "env_variable": "SERVER_NAME",
            "default_value": "Pterodactyl Server",
            "user_viewable": true,
            "user_editable": true,
            "rules": "required|string|max:40"
        },
        {
            "name": "Server Password",
            "description": "Password to get on the server",
            "env_variable": "GAME_PASSWORD",
            "default_value": "",
            "user_viewable": true,
            "user_editable": true,
            "rules": "nullable|string|max:20"
        },
        {
            "name": "DEFAULT_MAP",
            "description": "First map to load.  Format Expected is \"MAPNAME\/TYPE_NAME\".  Examples in Readme",
            "env_variable": "DEFAULT_MAP",
            "default_value": "Grad\/FL_Grad",
            "user_viewable": true,
            "user_editable": true,
            "rules": "required|string|max:40"
        },
        {
            "name": "Beacon Port",
            "description": "Beacon Port required",
            "env_variable": "BEACON_PORT",
            "default_value": "15000",
            "user_viewable": true,
            "user_editable": false,
            "rules": "required|string|max:20"
        },
        {
            "name": "Source APP ID",
            "description": "",
            "env_variable": "SRCDS_APPID",
            "default_value": "629800",
            "user_viewable": false,
            "user_editable": false,
            "rules": "required|string|max:20"
        },
        {
            "name": "Auto Update",
            "description": "Auto-update server on start.\r\n\r\nSet 0 to disable, default is 1.",
            "env_variable": "AUTO_UPDATE",
            "default_value": "1",
            "user_viewable": true,
            "user_editable": true,
            "rules": "required|boolean"
        }
    ]
}
